{"x":[[-51.75070038788566,-61.169440058605474,-54.70971611781092],[-53.57463476431199,-68.2348998457713,-55.76901357175277],[-57.24507660277311,-65.80316826498401,-58.48076522832613],[-50.897931445645696,-62.62543765162885,-51.60732195544],[-62.74698756766429,-60.55185603306058,-68.29253420884172],[-52.59076456697181,-57.164760092174575,-66.50289752065471],[-63.35938825144703,-58.252235943269476,-75.99024329281508],[-60.231053814394414,-53.23530650821263,-68.887277425442],[-58.15872688423795,-57.932625959432485,-70.81418224902401],[-66.2980899217259,-55.80479702354023,-73.51406826508175],[-64.98695051035615,-59.25666497661498,-77.92319528996097],[-63.997433234379194,-61.27045645533701,-73.93454065797071],[-68.11612405212773,-60.413179945106805,-65.72978014436839]],"y":[0,0,0,0,1,1,1,1,1,1,1,1,1]}